Fisher Price Imaginext,Jurassic Cretaceous Preschool 
Fisher Price Imaginext,Cretaceous Mosasaurus Preschool 
Fisher Price Imaginext,Jurassic Cretaceous Preschool
Funko POP!,Blue and Beta 1212
Funko POP!,T-Rex 1211
Funko POP!,T-Rex 1211
Imaginext,Breakout Blue Dinosaur Figure Pack
Imaginext,Camp Cretaceous T.Rex Vs Indominus
Imaginext,Camp Cretaceous T.Rex XL Figure
Imaginext,Dominion Break Out Dino Hauler Truck
Imaginext,Dominion Mega Stomp &amp; Rumble Giga Dinosaur
Imaginext,Mega Mouth T Rex Escape
Imaginext,Mega Stomp &amp; Rumble Giga Dinosaur
Imaginext,Pyroraptor XL Dinosaur Figure
Imaginext,Pyroraptor XL Dinosaur Figure
Imaginext,Raptor XL Action Figure
Jurassic World,Captivz Dominion Mega Egg
Jurassic World,Captivz Dominion Surprise Egg
Jurassic World,Dinosaur Carnotaurus Exclusive
Jurassic World,Dominion Mosasaurus Dinosaur
Jurassic World,Dominion Real FX Baby Blue Dinosaur
Jurassic World,Gigantic Tracker Sinotyrannus Dinosaur Figure
Jurassic World,Walkie Talkie
LEGO,76944 building toy  
LEGO,76944 T. Rex Dinosaur Breakout Toy Set
LEGO,76944 T. Rex Dinosaur Breakout Toy Set
LEGO,76945 Atrociraptor Dinosaur: Bike Chase Toy
LEGO,76946 Blue &amp; Beta Velociraptor Capture Toy
LEGO,76946 Blue &amp; Beta Velociraptor Capture Toy
LEGO,76947 Quetzalcoatlus Plane Ambush Toy
LEGO,76949 Giganotosaurus Attack Dinosaur Toy
LEGO,76950 Triceratops Dinosaur Pickup Truck Toy
LEGO,76951 Pyroraptor &amp; Dilophosaurus Transport
LEGO,76951 Pyroraptor &amp; Dilophosaurus Transport
PREZIOSI Mondo,Jurassic Dominion Articulated
PREZIOSI Mondo,Jurassic Dominion Articulated 
PREZIOSI Mondo,Jurassic Dominion Atrociraptor 
PREZIOSI Mondo,Jurassic Dominion Therizinosaurus 
