Brand,Item
BSMEAN,Indoraptor Dinosaur Jurassic Dinosaurs
Clementoni,19205 Pteranodon Science Realistic Multicolour
Fisher Price Imaginext,Cretaceous Mosasaurus Preschool
Fisher Price Imaginext,Jurassic Cretaceous Preschool
Funko POP!,T-Rex 1211
Jurassic Danger,HLN53 Dinosaur Nothosaurus
Jurassic World,Animation Dino Toro
Jurassic World,Attack Allosaurus Dinosaur
Jurassic World,Baby Blue Hyper Realistic
Jurassic World,Destroyers Carcharodontosaurus Dinosaur
Jurassic World,Dilophosaurus Accessories Collectible
Jurassic World,Dinosaur Carnotaurus Exclusive
Jurassic World,Dominion Atrociraptor Interactive
Jurassic World,Dominion Chaotic Collectible
Jurassic World,Dominion Eocarcharia Connected
Jurassic World,Dominion Extreme Dimetrodon
Jurassic World,Dominion Ferocious Dsungaripterus
Jurassic World,Dominion Ferocious Intrepidus
Jurassic World,Dominion Ferocious Miragaia
Jurassic World,Dominion Giganotosaurus Dinosaur
Jurassic World,Dominion Gigantic Sinotyrannus
Jurassic World,Dominion Mosasaurus Dinosaur
Jurassic World,Dominion Triceratops HDX40
Jurassic World,FVW27 Indaraptor Dinosaur
Jurassic World,GWN25 Dinosaur Multi Coloured
Jurassic World,GWN26 Extreme Tyrannosaurus
Jurassic World,GWY27 Ankylosaurus Cretaceous
Jurassic World,HGC19 Tyrannosaurus articulated
Jurassic World,HLP18 Toy
Jurassic World,Megaraptor Pteranodon Dilophosaurus
Jurassic World,Minis Multipack Carnotaurus
Jurassic World,Mosasaurus Dinosaur Realistic Hand Painted
Jurassic World,Protector Mosasaurus Dinosaur
Jurassic World,Pteranodon Authentic Realistic
Jurassic World,Savage Strike Velociraptor
Jurassic World,SLASH BATTLE STINGER
Jurassic World,Slashin Slasher Dinosaur
Jurassic World,Strikers Ankylosaurus Dinosaur
Jurassic World,Tyrannosaurus Dinosaur Tracking
Jurassic World,Uncaged Mirror Dinosaur
Jurassic World,Wild Roar Eocarcharia Dinosaur Figure
LEGO,76944 building toy
LEGO,76946 Blue &amp; Beta Velociraptor Capture Toy
LEGO,76951 Pyroraptor &amp; Dilophosaurus Transport
Noble Collection,Tyrannosaurus Rex Diorama
Prehistoric World,Dinosaur Toy Transforming
PREZIOSI Mondo,Jurassic Dominion Articulated
PREZIOSI Mondo,Jurassic Dominion Atrociraptor
PREZIOSI Mondo,Jurassic Dominion Therizinosaurus
TEMI,Educational Realistic Triceratops Velociraptor
